M;14;F;2021-03-18;29;3;;;291;2022-02-15;2;;
M;28;F;2020-10-19;29;3;;;352;2022-02-15;0;;
M;176;F;2020-04-22;29;3;;;379;2022-02-15;0;;
M;229;F;2020-04-22;29;3;;;374;2022-02-15;0;;
M;338;F;2020-04-22;29;3;;;390;2022-02-15;2;;
M;529;F;2019-10-25;29;3;;;393;2022-02-15;1;;
M;664;F;2020-10-19;29;3;;;320;2022-02-15;0;;
M;826;F;2020-04-22;29;3;;;380;2022-02-15;2;;
M;877;F;2020-10-19;29;3;;;342;2022-02-15;1;;
M;968;F;2019-04-28;29;3;;;471;2022-02-15;0;;
M;1436;F;2020-10-19;29;3;;;319;2022-02-15;2;;
M;1757;F;2020-10-19;29;3;;;316;2022-02-15;0;;
M;1778;F;2020-10-19;29;3;;;311;2022-02-15;0;;
M;1783;F;2020-04-22;29;3;;;373;2022-02-15;0;;
M;1804;F;2020-04-22;29;3;;;364;2022-02-15;0;;
M;1973;F;2020-10-19;29;3;;;314;2022-02-15;0;;
M;1984;F;2021-03-18;29;3;;;295;2022-02-15;0;;
M;1986;F;2020-10-19;29;3;;;304;2022-02-15;0;;
M;2000;F;2021-03-18;29;3;;;290;2022-02-15;0;;
M;2092;F;2021-03-18;29;3;;;284;2022-02-15;1;;
M;2098;F;2020-10-19;29;3;;;309;2022-02-15;1;;
M;2136;F;2020-10-19;29;3;;;315;2022-02-15;0;;
M;2139;F;2021-03-18;29;3;;;259;2022-02-15;1;;
M;2196;F;2021-03-18;29;3;;;295;2022-02-15;0;;
M;2277;F;2021-03-18;29;3;;;293;2022-02-15;0;;
M;2906;F;2020-10-19;29;3;;;310;2022-02-15;0;;
M;3429;F;2021-03-18;29;3;;;292;2022-02-15;1;;
M;3577;F;2020-10-19;29;3;;;311;2022-02-15;0;;
M;3611;F;2021-03-18;29;3;;;259;2022-02-15;0;;
M;3788;F;2020-10-19;29;3;;;337;2022-02-15;0;;
M;3969;F;2019-04-28;29;3;;;427;2022-02-15;1;;
M;4426;F;2021-03-18;29;3;;;295;2022-02-15;0;;
M;4428;F;2021-03-18;29;3;;;264;2022-02-15;0;;
M;4588;F;2021-03-18;29;3;;;257;2022-02-15;1;;
M;4821;F;2020-04-22;29;3;;;370;2022-02-15;0;;
M;4826;F;2020-10-19;29;3;;;310;2022-02-15;0;;
M;4833;F;2020-10-19;29;3;;;310;2022-02-15;0;;
M;4834;F;2020-10-19;29;3;;;304;2022-02-15;0;;
M;4847;F;2020-10-19;29;3;;;315;2022-02-15;0;;
M;4951;F;2020-10-19;29;3;;;341;2022-02-15;3;;
M;4955;F;2020-04-22;29;3;;;377;2022-02-15;2;;
M;4957;F;2020-04-22;29;3;;;381;2022-02-15;1;;
M;4959;F;2020-10-19;29;3;;;318;2022-02-15;0;;
M;5038;F;2021-03-18;29;3;;;280;2022-02-15;0;;
M;5116;F;2020-04-22;29;3;;;362;2022-02-15;2;;
M;5117;F;2020-10-19;29;3;;;336;2022-02-15;2;;
M;5214;F;2020-10-19;29;3;;;314;2022-02-15;0;;
M;5241;F;2020-04-22;29;3;;;386;2022-02-15;3;;
M;5245;F;2019-04-28;29;3;;;423;2022-02-15;2;;
M;5246;F;2020-10-19;29;3;;;315;2022-02-15;2;;
M;5247;F;2020-10-19;29;3;;;339;2022-02-15;3;;
M;5249;F;2020-10-19;29;3;;;319;2022-02-15;2;;
M;5252;F;2020-10-19;29;3;;;350;2022-02-15;1;;
M;5253;F;2021-03-18;29;3;;;297;2022-02-15;0;;
M;5255;F;2020-10-19;29;3;;;324;2022-02-15;1;;
M;5256;F;2020-10-19;29;3;;;342;2022-02-15;3;;
M;5259;F;2021-03-18;29;3;;;300;2022-02-15;0;;
M;5261;F;2020-10-19;29;3;;;332;2022-02-15;1;;
M;5263;F;2021-03-18;29;3;;;284;2022-02-15;0;;
M;5264;F;2021-03-18;29;3;;;297;2022-02-15;1;;
M;5267;F;2020-10-19;29;3;;;326;2022-02-15;1;;
M;5268;F;2021-03-18;29;3;;;300;2022-02-15;1;;
M;5269;F;2020-10-19;29;3;;;328;2022-02-15;0;;
M;5270;F;2020-10-19;29;3;;;312;2022-02-15;0;;
M;5272;F;2020-10-19;29;3;;;339;2022-02-15;1;;
M;5274;F;2020-10-19;29;3;;;301;2022-02-15;0;;
M;5277;F;2021-03-18;29;3;;;288;2022-02-15;0;;
M;5283;F;2020-10-19;29;3;;;310;2022-02-15;1;;
M;5285;F;2020-10-19;29;3;;;326;2022-02-15;0;;
M;5286;F;2021-03-18;29;3;;;289;2022-02-15;0;;
M;5288;F;2020-10-19;29;3;;;346;2022-02-15;1;;
M;5289;F;2020-10-19;29;3;;;308;2022-02-15;2;;
M;5290;F;2020-10-19;29;3;;;356;2022-02-15;1;;
M;5293;F;2020-10-19;29;3;;;340;2022-02-15;0;;
M;5296;F;2020-04-22;29;3;;;366;2022-02-15;1;;
M;5297;F;2020-10-19;29;3;;;351;2022-02-15;1;;
M;5298;F;2020-10-19;29;3;;;356;2022-02-15;1;;
M;5300;F;2020-10-19;29;3;;;345;2022-02-15;2;;
M;5302;F;2021-03-18;29;3;;;300;2022-02-15;0;;
M;5304;F;2020-10-19;29;3;;;327;2022-02-15;0;;
M;5305;F;2021-03-18;29;3;;;284;2022-02-15;0;;
M;5307;F;2021-03-18;29;3;;;292;2022-02-15;0;;
M;5308;F;2021-03-18;29;3;;;270;2022-02-15;1;;
M;5309;F;2020-10-19;29;3;;;303;2022-02-15;1;;
M;5310;F;2020-10-19;29;3;;;311;2022-02-15;1;;
M;5313;F;2021-03-18;29;3;;;280;2022-02-15;1;;
M;5314;F;2021-03-18;29;3;;;272;2022-02-15;0;;
M;5317;F;2020-10-19;29;3;;;306;2022-02-15;0;;
M;5318;F;2021-03-18;29;3;;;291;2022-02-15;0;;
M;5319;F;2021-03-18;29;3;;;272;2022-02-15;0;;
M;5323;F;2021-03-18;29;3;;;298;2022-02-15;1;;
M;5324;F;2020-10-19;29;3;;;326;2022-02-15;0;;
M;5327;F;2021-03-18;29;3;;;300;2022-02-15;1;;
M;5328;F;2020-10-19;29;3;;;309;2022-02-15;0;;
M;5332;F;2020-10-19;29;3;;;337;2022-02-15;2;;
M;5333;F;2021-03-18;29;3;;;270;2022-02-15;1;;
M;5334;F;2020-10-19;29;3;;;301;2022-02-15;0;;
M;5336;F;2021-03-18;29;3;;;275;2022-02-15;0;;
M;5342;F;2020-10-19;29;3;;;352;2022-02-15;0;;
M;5344;F;2019-10-25;29;3;;;418;2022-02-15;2;;
M;5347;F;2019-10-25;29;3;;;392;2022-02-15;2;;
M;5348;F;2020-10-19;29;3;;;319;2022-02-15;2;;
M;5349;F;2020-10-19;29;3;;;340;2022-02-15;1;;
M;5357;F;2019-04-28;29;3;;;427;2022-02-15;1;;
M;5359;F;2020-10-19;29;3;;;326;2022-02-15;1;;
M;5360;F;2020-10-19;29;3;;;344;2022-02-15;2;;
M;5362;F;2020-04-22;29;3;;;389;2022-02-15;2;;
M;5363;F;2020-04-22;29;3;;;382;2022-02-15;2;;
M;5364;F;2020-10-19;29;3;;;346;2022-02-15;2;;
M;5365;F;2020-10-19;29;3;;;317;2022-02-15;2;;
M;5368;F;2020-10-19;29;3;;;337;2022-02-15;1;;
M;5369;F;2020-04-22;29;3;;;365;2022-02-15;1;;
M;5370;F;2020-10-19;29;3;;;356;2022-02-15;1;;
M;5373;F;2020-04-22;29;3;;;382;2022-02-15;1;;
M;5374;F;2020-10-19;29;3;;;352;2022-02-15;1;;
M;5375;F;2020-10-19;29;3;;;320;2022-02-15;3;;
M;5376;F;2020-10-19;29;3;;;330;2022-02-15;1;;
M;5378;F;2019-10-25;29;3;;;394;2022-02-15;3;;
M;5379;F;2020-10-19;29;3;;;323;2022-02-15;3;;
M;5380;F;2020-10-19;29;3;;;350;2022-02-15;2;;
M;5381;F;2020-10-19;29;3;;;305;2022-02-15;1;;
M;5391;F;2020-10-19;29;3;;;310;2022-02-15;2;;
M;5392;F;2021-03-18;29;3;;;298;2022-02-15;1;;
M;5394;F;2020-04-22;29;3;;;375;2022-02-15;3;;
M;5398;F;2020-10-19;29;3;;;320;2022-02-15;2;;
M;5552;F;2021-03-18;29;3;;;277;2022-02-15;0;;
M;5563;F;2021-03-18;29;3;;;253;2022-02-15;0;;
M;5568;F;2021-03-18;29;3;;;273;2022-02-15;0;;
M;5573;F;2021-03-18;29;3;;;270;2022-02-15;0;;
M;5577;F;2021-03-18;29;3;;;295;2022-02-15;0;;
M;5589;F;2020-10-19;29;3;;;354;2022-02-15;1;;
M;5599;F;2021-03-18;29;3;;;279;2022-02-15;1;;
M;5606;F;2020-04-22;29;3;;;368;2022-02-15;0;;
M;5608;F;2021-03-18;29;3;;;300;2022-02-15;1;;
M;5615;F;2020-10-19;29;3;;;318;2022-02-15;1;;
M;5620;F;2021-03-18;29;3;;;299;2022-02-15;1;;
M;5622;F;2021-03-18;29;3;;;300;2022-02-15;3;;
M;5625;F;2021-03-18;29;3;;;292;2022-02-15;2;;
M;5628;F;2020-10-19;29;3;;;324;2022-02-15;0;;
M;5630;F;2020-10-19;29;3;;;304;2022-02-15;1;;
M;5632;F;2020-10-19;29;3;;;312;2022-02-15;0;;
M;5634;F;2021-03-18;29;3;;;290;2022-02-15;1;;
M;5639;F;2020-10-19;29;3;;;315;2022-02-15;2;;
M;5641;F;2020-10-19;29;3;;;340;2022-02-15;2;;
M;5643;F;2020-10-19;29;3;;;321;2022-02-15;2;;
M;5645;F;2020-10-19;29;3;;;348;2022-02-15;1;;
M;5647;F;2020-10-19;29;3;;;311;2022-02-15;1;;
M;5648;F;2020-10-19;29;3;;;311;2022-02-15;2;;
M;5650;F;2020-10-19;29;3;;;320;2022-02-15;0;;
M;5652;F;2020-10-19;29;3;;;331;2022-02-15;1;;
M;5653;F;2020-04-22;29;3;;;367;2022-02-15;2;;
M;5654;F;2020-10-19;29;3;;;308;2022-02-15;0;;
M;5657;F;2020-10-19;29;3;;;310;2022-02-15;2;;
M;5660;F;2020-10-19;29;3;;;308;2022-02-15;0;;
M;5661;F;2020-10-19;29;3;;;333;2022-02-15;2;;
M;5662;F;2021-03-18;29;3;;;297;2022-02-15;1;;
M;5663;F;2020-10-19;29;3;;;302;2022-02-15;1;;
M;5665;F;2020-10-19;29;3;;;305;2022-02-15;1;;
M;5668;F;2020-10-19;29;3;;;306;2022-02-15;1;;
M;5669;F;2020-10-19;29;3;;;345;2022-02-15;2;;
M;5678;F;2020-04-22;29;3;;;381;2022-02-15;2;;
M;5679;F;2021-03-18;29;3;;;277;2022-02-15;1;;
M;5680;F;2020-10-19;29;3;;;344;2022-02-15;2;;
M;5681;F;2021-03-18;29;3;;;293;2022-02-15;1;;
M;5684;F;2020-10-19;29;3;;;349;2022-02-15;3;;
M;5688;F;2020-04-22;29;3;;;374;2022-02-15;0;;
M;5690;F;2020-10-19;29;3;;;341;2022-02-15;1;;
M;5693;F;2020-10-19;29;3;;;302;2022-02-15;0;;
M;5697;F;2020-10-19;29;3;;;317;2022-02-15;1;;
M;5698;F;2020-10-19;29;3;;;321;2022-02-15;3;;
M;5699;F;2020-10-19;29;3;;;334;2022-02-15;2;;
M;5703;F;2020-10-19;29;3;;;338;2022-02-15;1;;
M;5706;F;2020-10-19;29;3;;;351;2022-02-15;1;;
M;5707;F;2020-10-19;29;3;;;357;2022-02-15;1;;
M;5708;F;2021-03-18;29;3;;;273;2022-02-15;1;;
M;5709;F;2020-10-19;29;3;;;335;2022-02-15;3;;
M;5710;F;2020-10-19;29;3;;;347;2022-02-15;2;;
M;5714;F;2020-10-19;29;3;;;349;2022-02-15;1;;
M;5721;F;2020-10-19;29;3;;;342;2022-02-15;3;;
M;5723;F;2020-10-19;29;3;;;355;2022-02-15;1;;
M;5724;F;2020-04-22;29;3;;;366;2022-02-15;3;;
M;5727;F;2020-04-22;29;3;;;368;2022-02-15;2;;
M;5731;F;2020-10-19;29;3;;;327;2022-02-15;0;;
M;5734;F;2020-04-22;29;3;;;386;2022-02-15;2;;
M;5738;F;2019-10-25;29;3;;;400;2022-02-15;2;;
M;5739;F;2020-04-22;29;3;;;371;2022-02-15;3;;
M;5745;F;2020-04-22;29;3;;;379;2022-02-15;3;;
M;5752;F;2020-04-22;29;3;;;369;2022-02-15;2;;
M;5756;F;2020-10-19;29;3;;;310;2022-02-15;1;;
M;5757;F;2020-10-19;29;3;;;343;2022-02-15;2;;
M;5758;F;2020-04-22;29;3;;;386;2022-02-15;3;;
M;5762;F;2021-03-18;29;3;;;290;2022-02-15;0;;
M;5763;F;2021-03-18;29;3;;;269;2022-02-15;0;;
M;5765;F;2021-03-18;29;3;;;286;2022-02-15;0;;
M;5776;F;2021-03-18;29;3;;;291;2022-02-15;0;;
M;5783;F;2021-03-18;29;3;;;270;2022-02-15;0;;
M;5931;F;2021-03-18;29;3;;;270;2022-02-15;0;;
M;5932;F;2020-04-22;29;3;;;382;2022-02-15;1;;
M;5955;F;2020-10-19;29;3;;;356;2022-02-15;3;;
M;5958;F;2021-03-18;29;3;;;287;2022-02-15;0;;
M;5959;F;2020-10-19;29;3;;;318;2022-02-15;1;;
M;5960;F;2020-10-19;29;3;;;314;2022-02-15;2;;
M;5961;F;2020-10-19;29;3;;;318;2022-02-15;0;;
M;5962;F;2021-03-18;29;3;;;291;2022-02-15;0;;
M;5964;F;2020-10-19;29;3;;;312;2022-02-15;0;;
M;5965;F;2020-10-19;29;3;;;327;2022-02-15;0;;
M;5966;F;2020-10-19;29;3;;;337;2022-02-15;1;;
M;5967;F;2020-10-19;29;3;;;302;2022-02-15;1;;
M;5968;F;2020-10-19;29;3;;;355;2022-02-15;2;;
M;5970;F;2021-03-18;29;3;;;272;2022-02-15;0;;
M;5972;F;2019-10-25;29;3;;;411;2022-02-15;3;;
M;5973;F;2021-03-18;29;3;;;282;2022-02-15;0;;
M;5975;F;2020-10-19;29;3;;;342;2022-02-15;0;;
M;5976;F;2020-04-22;29;3;;;381;2022-02-15;2;;
M;5978;F;2019-04-28;29;3;;;438;2022-02-15;2;;
M;5980;F;2021-03-18;29;3;;;250;2022-02-15;0;;
M;5981;F;2020-10-19;29;3;;;338;2022-02-15;1;;
M;5982;F;2020-10-19;29;3;;;320;2022-02-15;2;;
M;5983;F;2020-10-19;29;3;;;345;2022-02-15;1;;
M;5984;F;2021-03-18;29;3;;;278;2022-02-15;1;;
M;5987;F;2020-04-22;29;3;;;372;2022-02-15;1;;
M;5988;F;2020-10-19;29;3;;;345;2022-02-15;3;;
M;5990;F;2020-10-19;29;3;;;326;2022-02-15;1;;
M;5991;F;2020-04-22;29;3;;;365;2022-02-15;1;;
M;5992;F;2020-04-22;29;3;;;383;2022-02-15;0;;
M;5994;F;2020-10-19;29;3;;;335;2022-02-15;0;;
M;5995;F;2020-04-22;29;3;;;372;2022-02-15;1;;
M;5998;F;2020-10-19;29;3;;;324;2022-02-15;2;;
M;5999;F;2020-10-19;29;3;;;325;2022-02-15;1;;
M;6001;F;2020-10-19;29;3;;;302;2022-02-15;0;;
M;6004;F;2020-10-19;29;3;;;323;2022-02-15;2;;
M;6007;F;2020-10-19;29;3;;;316;2022-02-15;1;;
M;6008;F;2020-10-19;29;3;;;320;2022-02-15;0;;
M;6009;F;2020-04-22;29;3;;;364;2022-02-15;2;;
M;6011;F;2020-10-19;29;3;;;352;2022-02-15;0;;
M;6013;F;2020-10-19;29;3;;;342;2022-02-15;2;;
M;6015;F;2020-10-19;29;3;;;348;2022-02-15;2;;
M;6017;F;2021-03-18;29;3;;;282;2022-02-15;0;;
M;6018;F;2020-10-19;29;3;;;333;2022-02-15;1;;
M;6019;F;2020-10-19;29;3;;;357;2022-02-15;0;;
M;6020;F;2021-03-18;29;3;;;300;2022-02-15;0;;
M;6026;F;2020-10-19;29;3;;;351;2022-02-15;2;;
M;6034;F;2019-04-28;29;3;;;437;2022-02-15;1;;
M;6036;F;2020-10-19;29;3;;;348;2022-02-15;2;;
M;6042;F;2020-04-22;29;3;;;367;2022-02-15;1;;
M;6045;F;2020-10-19;29;3;;;346;2022-02-15;0;;
M;6046;F;2020-10-19;29;3;;;339;2022-02-15;1;;
M;6047;F;2020-10-19;29;3;;;316;2022-02-15;0;;
M;6048;F;2020-10-19;29;3;;;358;2022-02-15;0;;
M;6056;F;2020-04-22;29;3;;;361;2022-02-15;1;;
M;6058;F;2020-04-22;29;3;;;381;2022-02-15;0;;
M;6062;F;2020-04-22;29;3;;;381;2022-02-15;1;;
M;6063;F;2020-10-19;29;3;;;350;2022-02-15;2;;
M;6066;F;2020-10-19;29;3;;;315;2022-02-15;1;;
M;6068;F;2020-10-19;29;3;;;325;2022-02-15;0;;
M;6073;F;2020-10-19;29;3;;;358;2022-02-15;1;;
M;6074;F;2020-10-19;29;3;;;327;2022-02-15;1;;
M;6079;F;2020-10-19;29;3;;;348;2022-02-15;0;;
M;6082;F;2020-10-19;29;3;;;360;2022-02-15;1;;
M;6083;F;2020-10-19;29;3;;;352;2022-02-15;2;;
M;6085;F;2020-10-19;29;3;;;340;2022-02-15;0;;
M;6086;F;2020-10-19;29;3;;;317;2022-02-15;1;;
M;6087;F;2021-03-18;29;3;;;300;2022-02-15;1;;
M;6091;F;2020-10-19;29;3;;;357;2022-02-15;2;;
M;6092;F;2020-10-19;29;3;;;310;2022-02-15;1;;
M;6096;F;2020-10-19;29;3;;;338;2022-02-15;0;;
M;6098;F;2020-10-19;29;3;;;332;2022-02-15;2;;
M;6102;F;2020-10-19;29;3;;;350;2022-02-15;0;;
M;6109;F;2020-10-19;29;3;;;307;2022-02-15;0;;
M;6111;F;2021-03-18;29;3;;;300;2022-02-15;3;;
M;6112;F;2020-10-19;29;3;;;303;2022-02-15;1;;
M;6115;F;2021-03-18;29;3;;;277;2022-02-15;0;;
M;6133;F;2020-10-19;29;3;;;336;2022-02-15;0;;
M;6148;F;2020-10-19;29;3;;;357;2022-02-15;3;;
M;6161;F;2021-03-18;29;3;;;263;2022-02-15;0;;
M;6164;F;2021-03-18;29;3;;;281;2022-02-15;0;;
M;6170;F;2020-10-19;29;3;;;331;2022-02-15;1;;
M;6176;F;2020-04-22;29;3;;;375;2022-02-15;0;;
M;6186;F;2021-03-18;29;3;;;281;2022-02-15;0;;
M;6188;F;2020-04-22;29;3;;;363;2022-02-15;2;;
M;6207;F;2020-10-19;29;3;;;307;2022-02-15;0;;
M;6208;F;2021-03-18;29;3;;;292;2022-02-15;3;;
M;6214;F;2020-10-19;29;3;;;321;2022-02-15;0;;
M;6220;F;2021-03-18;29;3;;;291;2022-02-15;0;;
M;6224;F;2021-03-18;29;3;;;292;2022-02-15;0;;
M;6225;F;2021-03-18;29;3;;;287;2022-02-15;0;;
M;6226;F;2020-10-19;29;3;;;320;2022-02-15;2;;
M;6227;F;2020-10-19;29;3;;;330;2022-02-15;0;;
M;6233;F;2020-10-19;29;3;;;315;2022-02-15;1;;
M;6236;F;2020-10-19;29;3;;;315;2022-02-15;0;;
M;6243;F;2020-10-19;29;3;;;305;2022-02-15;0;;
M;6254;F;2020-10-19;29;3;;;342;2022-02-15;2;;
M;6260;F;2021-03-18;29;3;;;262;2022-02-15;0;;
M;6262;F;2021-03-18;29;3;;;278;2022-02-15;0;;
M;6300;F;2020-10-19;29;3;;;354;2022-02-15;2;;
M;6324;F;2021-03-18;29;3;;;267;2022-02-15;0;;
M;6326;F;2021-03-18;29;3;;;262;2022-02-15;0;;
M;6335;F;2021-03-18;29;3;;;244;2022-02-15;0;;
M;6395;F;2021-03-18;29;3;;;264;2022-02-15;1;;
M;6463;F;2021-03-18;29;3;;;268;2022-02-15;0;;
M;6485;F;2021-03-18;29;3;;;265;2022-02-15;0;;
M;6498;F;2021-09-14;29;3;;;232;2022-02-15;0;;
M;6501;F;2021-03-18;29;3;;;285;2022-02-15;0;;
M;6509;F;2021-03-18;29;3;;;290;2022-02-15;0;;
M;6526;F;2021-03-18;29;3;;;296;2022-02-15;0;;
M;6532;F;2021-03-18;29;3;;;300;2022-02-15;0;;
M;6558;F;2020-10-19;29;3;;;347;2022-02-15;1;;
M;6566;F;2019-10-25;29;3;;;420;2022-02-15;3;;
M;6567;F;2021-03-18;29;3;;;290;2022-02-15;0;;
M;6571;F;2021-03-18;29;3;;;296;2022-02-15;0;;
M;6572;F;2020-10-19;29;3;;;301;2022-02-15;1;;
M;6576;F;2020-10-19;29;3;;;344;2022-02-15;1;;
M;6581;F;2020-10-19;29;3;;;310;2022-02-15;0;;
M;6592;F;2020-10-19;29;3;;;305;2022-02-15;0;;
M;6595;F;2021-03-18;29;3;;;280;2022-02-15;0;;
M;6597;F;2021-03-18;29;3;;;292;2022-02-15;0;;
M;6606;F;2021-03-18;29;3;;;244;2022-02-15;0;;
M;6622;F;2021-03-18;29;3;;;250;2022-02-15;0;;
M;6625;F;2021-03-18;29;3;;;271;2022-02-15;0;;
M;6637;F;2021-03-18;29;3;;;281;2022-02-15;0;;
M;6645;F;2021-03-18;29;3;;;297;2022-02-15;0;;
M;6650;F;2021-03-18;29;3;;;293;2022-02-15;0;;
M;6658;F;2021-03-18;29;3;;;290;2022-02-15;0;;
M;6660;F;2021-03-18;29;3;;;246;2022-02-15;0;;
M;6678;F;2021-03-18;29;3;;;273;2022-02-15;0;;
M;6683;F;2021-03-18;29;3;;;286;2022-02-15;0;;
M;6684;F;2021-03-18;29;3;;;261;2022-02-15;0;;
M;6688;F;2021-03-18;29;3;;;245;2022-02-15;0;;
M;6690;F;2021-03-18;29;3;;;255;2022-02-15;0;;
M;6707;F;2021-03-18;29;3;;;272;2022-02-15;0;;
M;6712;F;2021-03-18;29;3;;;269;2022-02-15;0;;
M;6714;F;2021-03-18;29;3;;;272;2022-02-15;0;;
M;6732;F;2021-03-18;29;3;;;281;2022-02-15;0;;
M;6758;F;2021-03-18;29;3;;;293;2022-02-15;0;;
M;6765;F;2021-03-18;29;3;;;279;2022-02-15;0;;
M;6769;F;2021-03-18;29;3;;;262;2022-02-15;0;;
M;6812;F;2021-03-18;29;3;;;267;2022-02-15;0;;
M;6856;F;2021-09-14;29;3;;;235;2022-02-15;0;;
M;6857;F;2021-03-18;29;3;;;268;2022-02-15;0;;
M;6877;F;2020-10-19;29;3;;;314;2022-02-15;0;;
M;6895;F;2020-10-19;29;3;;;324;2022-02-15;2;;
M;6953;F;2020-04-22;29;3;;;361;2022-02-15;0;;
M;6967;F;2020-04-22;29;3;;;373;2022-02-15;0;;
M;7001;F;2021-09-14;29;3;;;240;2022-02-15;0;;
M;7003;F;2020-10-19;29;3;;;308;2022-02-15;0;;
M;7005;F;2021-03-18;29;3;;;287;2022-02-15;0;;
M;7010;F;2021-03-18;29;3;;;280;2022-02-15;0;;
M;7509;F;2019-10-25;29;3;;;393;2022-02-15;0;;
M;7590;F;2019-10-25;29;3;;;400;2022-02-15;3;;
M;7956;F;2021-03-18;29;3;;;294;2022-02-15;0;;
M;7976;F;2021-03-18;29;3;;;280;2022-02-15;0;;
M;7982;F;2021-03-18;29;3;;;283;2022-02-15;0;;
M;7998;F;2021-03-18;29;3;;;271;2022-02-15;0;;
M;7999;F;2021-03-18;29;3;;;296;2022-02-15;0;;
M;8299;F;2020-10-19;29;3;;;320;2022-02-15;0;;
M;8315;F;2019-04-28;29;3;;;430;2022-02-15;1;;
M;8367;F;2021-03-18;29;3;;;295;2022-02-15;0;;
M;8375;F;2021-03-18;29;3;;;272;2022-02-15;0;;
M;8380;F;2021-03-18;29;3;;;280;2022-02-15;0;;
M;8412;F;2021-03-18;29;3;;;300;2022-02-15;0;;
M;8414;F;2021-03-18;29;3;;;288;2022-02-15;0;;
M;8417;F;2021-03-18;29;3;;;263;2022-02-15;0;;
M;8418;F;2021-03-18;29;3;;;289;2022-02-15;0;;
M;8503;F;2020-10-19;29;3;;;304;2022-02-15;2;;
M;8612;F;2020-10-19;29;3;;;349;2022-02-15;0;;
M;8739;F;2021-03-18;29;3;;;267;2022-02-15;0;;
M;8750;F;2021-03-18;29;3;;;255;2022-02-15;0;;
M;8754;F;2021-03-18;29;3;;;243;2022-02-15;0;;
M;8755;F;2021-09-14;29;3;;;231;2022-02-15;4;;
M;8762;F;2021-03-18;29;3;;;269;2022-02-15;1;;
M;8766;F;2021-03-18;29;3;;;255;2022-02-15;1;;
M;8771;F;2021-03-18;29;3;;;268;2022-02-15;0;;
M;8776;F;2021-03-18;29;3;;;254;2022-02-15;0;;
M;8777;F;2021-03-18;29;3;;;246;2022-02-15;0;;
M;8779;F;2021-09-14;29;3;;;205;2022-02-15;0;;
M;8780;F;2021-09-14;29;3;;;217;2022-02-15;0;;
M;8781;F;2021-03-18;29;3;;;252;2022-02-15;0;;
M;8783;F;2021-03-18;29;3;;;270;2022-02-15;0;;
M;8784;F;2021-03-18;29;3;;;245;2022-02-15;0;;
M;8786;F;2021-03-18;29;3;;;272;2022-02-15;0;;
M;8790;F;2021-03-18;29;3;;;250;2022-02-15;0;;
M;8795;F;2021-03-18;29;3;;;268;2022-02-15;0;;
M;8799;F;2021-09-14;29;3;;;204;2022-02-15;0;;
M;8802;F;2021-09-14;29;3;;;240;2022-02-15;0;;
M;8803;F;2021-03-18;29;3;;;272;2022-02-15;0;;
M;8804;F;2021-03-18;29;3;;;244;2022-02-15;0;;
M;8805;F;2021-03-18;29;3;;;251;2022-02-15;0;;
M;8807;F;2021-03-18;29;3;;;276;2022-02-15;0;;
M;8809;F;2021-03-18;29;3;;;278;2022-02-15;0;;
M;8878;F;2020-10-19;29;3;;;359;2022-02-15;1;;
M;9005;F;2020-04-22;29;3;;;370;2022-02-15;2;;
M;9197;F;2020-04-22;29;3;;;388;2022-02-15;0;;
M;9420;F;2020-10-19;29;3;;;310;2022-02-15;0;;
M;9660;F;2020-04-22;29;3;;;377;2022-02-15;3;;
M;5696;F;2020-10-19;29;3;;;338;2022-02-15;4;;
M;1802;F;2020-10-19;29;3;;;315;2022-02-15;0;Parida ;Boi
M;2090;F;2020-10-19;29;3;;;326;2022-02-15;0;Parida ;Boi
M;2212;F;2021-09-14;29;3;;;218;2022-02-15;0;Parida ;Boi
M;2383;F;2021-03-18;29;3;;;260;2022-02-15;0;Parida ;Boi
M;3013;F;2020-10-19;29;3;;;315;2022-02-15;0;Parida ;Boi
M;3886;F;2021-09-14;29;3;;;233;2022-02-15;0;Parida ;Boi
M;6184;F;2019-04-28;29;3;;;431;2022-02-15;0;Parida ;Boi
M;6222;F;2021-03-18;29;3;;;255;2022-02-15;0;Parida ;Boi
M;6285;F;2021-03-18;29;3;;;277;2022-02-15;0;Parida ;Boi
M;7647;F;2020-04-22;29;3;;;368;2022-02-15;0;Parida ;Boi
M;8226;F;2020-10-19;29;3;;;330;2022-02-15;0;Parida ;Boi
M;4839;F;2020-10-19;29;3;;;330;2022-02-15;0;Prenha ;Boi
M;4843;F;2020-04-22;29;3;;;385;2022-02-15;0;Prenha ;Boi
M;9273;F;2019-10-25;29;3;;;418;2022-02-15;0;Prenha ;Boi
M;6117;F;2020-10-19;29;3;;;312;2022-02-15;0;Descarte;
M;5393;F;2020-04-22;29;3;2;;380;2022-02-15;1;Prenha;cliente
M;5683;F;2020-10-19;29;3;2;;315;2022-02-15;1;Prenha;cliente
M;5385;F;2021-03-18;29;3;2;;300;2022-02-15;1;Prenha;cliente
M;5356;F;2019-04-28;29;3;2;;440;2022-02-15;1;Prenha;cliente
M;5614;F;2019-10-25;29;3;2;;400;2022-02-15;1;Prenha;cliente
M;5631;F;2020-04-22;29;3;2;;370;2022-02-15;1;Prenha;cliente
M;5377;F;2020-10-19;29;3;2;;333;2022-02-15;1;Prenha;cliente
M;5636;F;2020-10-19;29;3;2;;315;2022-02-15;1;Prenha;cliente
M;5682;F;2019-10-25;29;3;2;;410;2022-02-15;1;Prenha;cliente
BRIN;3;F;2022-03-12;22;3;;34;34;2022-03-12;;;
BRIN;2;M;2022-02-26;22;3;;33;33;2022-02-26;;;
M;8736;F;2022-01-21;29;3;;30;56;2022-02-15;;;
M;8737;F;2022-01-18;29;3;;39;39;2022-01-18;;;
M;8920;F;2022-01-15;29;3;;30;53;2022-02-15;;;
M;8738;M;2022-01-15;22;3;;30;90;2022-02-15;;;
M;8919;M;2021-12-13;22;3;;30;73;2022-02-15;;;
M;8735;M;2021-11-30;22;3;;30;74;2022-02-15;;;
M;8918;M;2021-11-22;22;3;;30;86;2022-02-15;;;
M;8917;F;2021-11-02;29;3;;30;75;2022-02-15;;;
M;3524;F;2021-10-19;29;3;;30;96;2022-02-15;;;