M;1342;F;2019-04-28;29;6;3;;433;2022-02-15;;Prenha;16/08/2021
M;3003;F;2019-04-28;29;6;3;;438;2022-02-15;;Prenha;16/08/2021
M;3005;F;2019-04-28;29;6;3;;490;2022-02-15;;Prenha;16/08/2021
M;1775;F;2019-04-28;29;6;3;;500;2022-02-15;;Prenha;16/08/2021
M;3736;F;2019-04-28;29;6;1;;448;2022-02-15;;Prenha;20/09/2021
M;1909;F;2019-04-28;29;6;1;;454;2022-02-15;;Prenha;20/09/2021
M;2353;F;2019-04-28;29;6;1;;460;2022-02-15;;Prenha;20/09/2021
M;1478;F;2019-04-28;29;6;1;;485;2022-02-15;;Prenha;20/09/2021
M;3527;F;2019-04-28;29;6;1;;500;2022-02-15;;Prenha;20/09/2021
M;1719;F;2019-04-28;29;6;1;;500;2022-02-15;;Prenha;20/09/2021
M;3456;F;2019-10-25;29;6;1;;420;2022-02-15;;Prenha;01/11/2021
M;3697;F;2019-04-28;29;6;1;;441;2022-02-15;;Prenha;01/11/2021
M;8832;F;2020-10-19;29;6;1;;352;2022-02-15;;Prenha;21/02/2022
M;2359;F;2020-10-19;29;6;1;;354;2022-02-15;;Prenha;21/02/2022
M;4605;F;2020-04-22;29;6;1;;364;2022-02-15;;Prenha;21/02/2022
M;2939;F;2020-04-22;29;6;1;;368;2022-02-15;;Prenha;21/02/2022
M;5847;F;2020-04-22;29;6;1;;376;2022-02-15;;Prenha;21/02/2022
M;4757;F;2020-04-22;29;6;1;;388;2022-02-15;;Prenha;21/02/2022
M;4285;F;2019-04-28;29;6;1;;439;2022-02-15;;Prenha;21/02/2022
M;5925;F;2019-10-25;29;6;1;;396;2022-02-15;;Prenha;21/02/2022
M;9829;F;2020-04-22;29;6;3;;379;2022-02-15;;Prenha;21/02/2022
M;5502;F;2020-04-22;29;6;1;;385;2022-02-15;;Prenha;21/02/2022
M;91;F;2019-10-25;29;6;1;;410;2022-02-15;;Prenha;01/11/2021
M;1032;F;2019-10-25;29;6;1;;413;2022-02-15;;Prenha;01/11/2021
M;8943;F;2019-04-28;29;6;3;;440;2022-02-15;;Prenha;01/11/2021
M;8849;F;2019-04-28;29;6;1;;445;2022-02-15;;Prenha;01/11/2021
M;9230;F;2019-04-28;29;6;1;;485;2022-02-15;;Prenha;01/11/2021
M;365;F;2019-10-25;29;6;3;;399;2022-02-15;;Prenha;01/11/2021
M;3346;F;2019-10-25;29;6;3;;401;2022-02-15;;Prenha;01/11/2021
M;1488;F;2020-10-19;29;6;1;;350;2022-02-15;;Prenha;01/11/2021
M;1214;F;2020-10-19;29;6;1;;355;2022-02-15;;Prenha;01/11/2021
M;9682;F;2019-04-28;29;6;1;;515;2022-02-15;;Prenha;01/11/2021
M;273;F;2019-10-25;29;6;1;;415;2022-02-15;;Prenha;01/11/2021
M;5181;F;2019-10-25;29;6;3;;420;2022-02-15;;Prenha;01/11/2021
M;1433;F;2019-10-25;29;6;1;;420;2022-02-15;;Prenha;01/11/2021
M;8645;F;2019-04-28;29;6;1;;435;2022-02-15;;Prenha;01/11/2021
M;1906;F;2020-04-22;29;6;3;;370;2022-02-15;;Prenha;01/11/2021
M;8649;F;2020-04-22;29;6;3;;375;2022-02-15;;Prenha;01/11/2021
M;2239;F;2020-04-22;29;6;3;;382;2022-02-15;;Prenha;01/11/2021
M;240;F;2019-10-25;29;6;3;;400;2022-02-15;;Prenha;01/11/2021
M;3210;F;2019-04-28;29;6;3;;425;2022-02-15;;Prenha;01/11/2021
M;3267;F;2019-04-28;29;6;3;;465;2022-02-15;;Prenha;01/11/2021
M;3203;F;2019-04-28;29;6;3;;445;2022-02-15;;Prenha;01/11/2021
M;5409;F;2019-10-25;29;6;1;;399;2022-02-15;;Prenha;21/02/2022
M;3081;F;2020-04-22;29;6;1;;375;2022-02-15;;Prenha;21/02/2022
M;851;F;2021-03-18;29;6;3;;295;2022-02-15;;Prenha;21/02/2022
M;3661;F;2019-10-25;29;6;3;;394;2022-02-15;;Prenha;21/02/2022
M;2869;F;2020-04-22;29;6;1;;361;2022-02-15;;Prenha;10/01/2022
M;3656;F;2020-04-22;29;6;1;;364;2022-02-15;;Prenha;10/01/2022
M;5815;F;2020-10-19;29;6;1;;324;2022-02-15;;Prenha;21/02/2022
M;3166;F;2019-10-25;29;6;1;;402;2022-02-15;;Prenha;10/01/2022
M;7429;F;2019-04-28;29;6;1;;435;2022-02-15;;Prenha;10/01/2022
M;4439;F;2019-04-28;29;6;1;;463;2022-02-15;;Prenha;10/01/2022
M;5196;F;2020-10-19;29;6;1;;350;2022-02-15;;Prenha;10/01/2022
M;3211;F;2020-10-19;29;6;1;;360;2022-02-15;;Prenha;10/01/2022
M;5198;F;2019-04-28;29;6;1;;439;2022-02-15;;Prenha;10/01/2022
M;802;F;2019-04-28;29;6;1;;422;2022-02-15;;Prenha;10/01/2022
M;4316;F;2020-04-22;29;6;1;;376;2022-02-15;;Prenha;10/01/2022
M;3070;F;2020-04-22;29;6;1;;370;2022-02-15;;Prenha;10/01/2022
M;5199;F;2020-04-22;29;6;1;;382;2022-02-15;;Prenha;10/01/2022
M;3978;F;2020-04-22;29;6;1;;383;2022-02-15;;Prenha;10/01/2022
M;4583;F;2019-10-25;29;6;1;;405;2022-02-15;;Prenha;10/01/2022
M;5897;F;2020-04-22;29;6;1;;376;2022-02-15;;Prenha;21/02/2022
M;3615;F;2020-10-19;29;6;3;;360;2022-02-15;;Prenha;10/01/2022
M;1759;F;2020-10-19;29;6;3;;360;2022-02-15;;Prenha;10/01/2022
M;3862;F;2020-10-19;29;6;3;;348;2022-02-15;;Prenha;10/01/2022
M;4049;F;2019-04-28;29;6;1;;425;2022-02-15;;Prenha;10/01/2022
M;1159;F;2019-04-28;29;6;1;;425;2022-02-15;;Prenha;21/02/2022
M;5402;F;2019-04-28;29;6;1;;438;2022-02-15;;Prenha;10/01/2022
M;9656;F;2020-04-22;29;6;1;;375;2022-02-15;;Prenha;10/01/2022
M;5399;F;2019-04-28;29;6;1;;425;2022-02-15;;Prenha;10/01/2022
M;3385;F;2019-04-28;29;6;1;;472;2022-02-15;;Prenha;10/01/2022
M;4280;F;2020-10-19;29;6;1;;342;2022-02-15;;Prenha;10/01/2022
M;5406;F;2020-10-19;29;6;1;;344;2022-02-15;;Prenha;10/01/2022
M;3055;F;2020-04-22;29;6;1;;362;2022-02-15;;Prenha;10/01/2022
M;4325;F;2020-04-22;29;6;1;;385;2022-02-15;;Prenha;10/01/2022
M;2360;F;2019-10-25;29;6;1;;398;2022-02-15;;Prenha;10/01/2022
M;1177;F;2019-10-25;29;6;1;;408;2022-02-15;;Prenha;10/01/2022
M;4570;F;2019-10-25;29;6;1;;418;2022-02-15;;Prenha;10/01/2022
M;9928;F;2019-04-28;29;6;1;;422;2022-02-15;;Prenha;10/01/2022
M;1269;F;2019-04-28;29;6;1;;442;2022-02-15;;Prenha;10/01/2022
M;9909;F;2020-10-19;29;6;1;;346;2022-02-15;;Prenha;07/02/2022
M;9343;F;2020-04-22;29;6;3;;372;2022-02-15;;Prenha;07/02/2022
M;5351;F;2020-04-22;29;6;2;;368;2022-02-15;;Prenha;07/02/2022
M;3113;F;2020-10-19;29;6;3;;338;2022-02-15;;Prenha;07/02/2022
M;5219;F;2020-04-22;29;6;3;;374;2022-02-15;;Prenha;07/02/2022
M;4954;F;2020-10-19;29;6;2;;330;2022-02-15;;Prenha;07/02/2022
M;3213;F;2020-04-22;29;6;3;;363;2022-02-15;;Prenha;07/02/2022
M;5519;F;2020-10-19;29;6;1;;312;2022-02-15;;Prenha;21/02/2022
M;5530;F;2020-10-19;29;6;1;;318;2022-02-15;;Prenha;21/02/2022
M;5832;F;2020-10-19;29;6;1;;356;2022-02-15;;Prenha;21/02/2022
M;4914;F;2020-04-22;29;6;1;;362;2022-02-15;;Prenha;21/02/2022
M;4476;F;2020-04-22;29;6;1;;374;2022-02-15;;Prenha;21/02/2022
M;5813;F;2020-04-22;29;6;1;;361;2022-02-15;;Prenha;21/02/2022
M;5855;F;2020-04-22;29;6;1;;361;2022-02-15;;Prenha;21/02/2022
M;3660;F;2020-04-22;29;6;1;;362;2022-02-15;;Prenha;21/02/2022
M;4010;F;2020-10-19;29;6;1;;340;2022-02-15;;Prenha;21/02/2022
M;5144;F;2019-10-25;29;6;1;;391;2022-02-15;;Prenha;21/02/2022
M;3701;F;2019-10-25;29;6;1;;393;2022-02-15;;Prenha;21/02/2022
M;5834;F;2020-10-19;29;6;1;;302;2022-02-15;;Prenha;21/02/2022
M;3714;F;2020-04-22;29;6;1;;376;2022-02-15;;Prenha;21/02/2022
M;4986;F;2020-10-19;29;6;1;;352;2022-02-15;;Prenha;21/02/2022
M;1607;F;2020-04-22;29;6;1;;364;2022-02-15;;Prenha;21/02/2022
M;5175;F;2020-04-22;29;6;1;;366;2022-02-15;;Prenha;21/02/2022
M;5842;F;2020-04-22;29;6;1;;370;2022-02-15;;Prenha;21/02/2022
M;4753;F;2020-04-22;29;6;1;;390;2022-02-15;;Prenha;21/02/2022
M;4333;F;2019-10-25;29;6;1;;407;2022-02-15;;Prenha;21/02/2022
M;5034;F;2019-04-28;29;6;1;;427;2022-02-15;;Prenha;21/02/2022
M;4143;F;2020-04-22;29;6;1;;370;2022-02-15;;Prenha;21/02/2022
M;5780;F;2020-10-19;29;6;3;;350;2022-02-15;;Prenha;21/02/2022
M;5221;F;2020-10-19;29;6;3;;351;2022-02-15;;Prenha;21/02/2022
M;6957;F;2020-04-22;29;6;3;;381;2022-02-15;;Prenha;21/02/2022
M;3631;F;2020-04-22;29;6;1;;365;2022-02-15;;Prenha;21/02/2022
M;5882;F;2020-04-22;29;6;1;;366;2022-02-15;;Prenha;21/02/2022
M;5329;F;2020-10-19;29;6;2;;315;2022-02-15;;Prenha;21/02/2022
M;5265;F;2020-04-22;29;6;2;;381;2022-02-15;;Prenha;21/02/2022
M;5281;F;2019-10-25;29;6;2;;408;2022-02-15;;Prenha;21/02/2022
M;5617;F;2020-10-19;29;6;2;;304;2022-02-15;;Prenha;21/02/2022
M;5339;F;2020-10-19;29;6;2;;314;2022-02-15;;Prenha;21/02/2022
M;5397;F;2020-10-19;29;6;2;;355;2022-02-15;;Prenha;21/02/2022
M;5366;F;2020-04-22;29;6;2;;370;2022-02-15;;Prenha;21/02/2022
M;5335;F;2020-10-19;29;6;2;;310;2022-02-15;;Prenha;21/02/2022
M;5619;F;2020-10-19;29;6;2;;340;2022-02-15;;Prenha;21/02/2022
M;5687;F;2020-04-22;29;6;2;;379;2022-02-15;;Prenha;21/02/2022
M;5311;F;2020-10-19;29;6;2;;327;2022-02-15;;Prenha;21/02/2022
M;5322;F;2020-10-19;29;6;2;;324;2022-02-15;;Prenha;21/02/2022
M;5301;F;2020-10-19;29;6;2;;350;2022-02-15;;Prenha;21/02/2022
M;5295;F;2020-04-22;29;6;2;;366;2022-02-15;;Prenha;21/02/2022
M;5341;F;2020-04-22;29;6;2;;381;2022-02-15;;Prenha;21/02/2022
M;4960;F;2019-10-25;29;6;2;;408;2022-02-15;;Prenha;21/02/2022
M;5282;F;2020-10-19;29;6;2;;348;2022-02-15;;Prenha;21/02/2022
M;5262;F;2020-10-19;29;6;2;;301;2022-02-15;;Prenha;21/02/2022
M;5691;F;2020-04-22;29;6;2;;365;2022-02-15;;Prenha;21/02/2022
M;5227;F;2019-10-25;29;6;1;;405;2022-02-15;;Prenha;21/02/2022
M;5533;F;2020-04-22;29;6;1;;361;2022-02-15;;Prenha;21/02/2022
M;3733;F;2020-04-22;29;6;1;;376;2022-02-15;;Prenha;21/02/2022
M;4506;F;2019-04-28;29;6;1;;451;2022-02-15;;Prenha;21/02/2022
M;5025;F;2020-10-19;29;6;1;;353;2022-02-15;;Prenha;21/02/2022
M;948;F;2019-04-28;29;6;1;;438;2022-02-15;;Prenha;21/02/2022
M;5527;F;2020-10-19;29;6;1;;345;2022-02-15;;Prenha;21/02/2022
M;8972;F;2019-10-25;29;6;1;;391;2022-02-15;;Prenha;21/02/2022
M;5831;F;2020-10-19;29;6;1;;331;2022-02-15;;Prenha;21/02/2022
M;1130;F;2020-04-22;29;6;1;;361;2022-02-15;;Prenha;21/02/2022
M;5105;F;2019-04-28;29;6;1;;424;2022-02-15;;Prenha;01/11/2021
M;4367;F;2019-10-25;29;6;1;;395;2022-02-15;;Prenha;06/12/2021
M;4147;F;2020-10-19;29;6;1;;310;2022-02-15;;Prenha;10/01/2022
M;5553;F;2020-10-19;29;6;3;;360;2022-02-15;;Prenha;21/02/2022
M;1204;F;2020-04-22;29;6;3;;389;2022-02-15;;Prenha;21/02/2022
M;3884;F;2020-10-19;29;6;1;;350;2022-02-15;;Prenha;21/02/2022
M;5900;F;2020-10-19;29;6;1;;351;2022-02-15;;Prenha;21/02/2022
M;2264;F;2020-04-22;29;6;2;;363;2022-02-15;;Prenha;21/02/2022
M;4609;F;2020-04-22;29;6;1;;383;2022-02-15;;Prenha;21/02/2022
M;5007;F;2020-04-22;29;6;1;;390;2022-02-15;;Prenha;21/02/2022
M;9314;F;2019-04-28;29;6;1;;422;2022-02-15;;Prenha;21/02/2022
M;4131;F;2019-04-28;29;6;1;;461;2022-02-15;;Prenha;21/02/2022
M;861;F;2020-10-19;29;6;3;;326;2022-02-15;;Prenha;07/02/2022
M;3902;F;2019-04-28;29;6;3;;441;2022-02-15;;Prenha;07/02/2022
M;3806;F;2020-04-22;29;6;1;;366;2022-02-15;;Prenha;21/02/2022
M;4465;F;2020-04-22;29;6;1;;367;2022-02-15;;Prenha;21/02/2022
M;5004;F;2020-04-22;29;6;1;;377;2022-02-15;;Prenha;21/02/2022
M;2363;F;2019-10-25;29;6;1;;415;2022-02-15;;Prenha;21/02/2022
M;689;F;2019-04-28;29;6;3;;540;2022-02-15;;Prenha;20/12/2021
M;4559;F;2019-04-28;29;6;1;;473;2022-02-15;;Prenha;10/01/2022
M;1118;F;2020-04-22;29;6;1;;361;2022-02-15;;Prenha;10/01/2022
M;3208;F;2020-04-22;29;6;1;;365;2022-02-15;;Prenha;10/01/2022
M;8850;F;2019-10-25;29;6;1;;415;2022-02-15;;Prenha;04/10/2021
M;8131;F;2019-04-28;29;6;1;;490;2022-02-15;;Prenha;04/10/2021
M;3477;F;2019-04-28;29;6;1;;430;2022-02-15;;Prenha;04/10/2021
M;3496;F;2020-04-22;29;6;1;;385;2022-02-15;;Prenha;01/11/2021
M;9946;F;2019-10-25;29;6;1;;420;2022-02-15;;Prenha;01/11/2021
M;9427;F;2019-10-25;29;6;1;;420;2022-02-15;;Prenha;01/11/2021
M;3018;F;2019-10-25;29;6;3;;400;2022-02-15;;Prenha;01/11/2021
M;3503;F;2019-04-28;29;6;1;;425;2022-02-15;;Prenha;P. Descoberta
M;4811;F;2020-10-19;29;6;1;;354;2022-02-15;;Prenha;10/01/2022
M;4812;F;2020-04-22;29;6;3;;370;2022-02-15;;Prenha;07/02/2022
M;3665;F;2020-10-19;29;6;3;;340;2022-02-15;;Prenha;07/02/2022
M;2275;F;2020-10-19;29;6;3;;352;2022-02-15;;Prenha;07/02/2022
M;79;F;2020-04-22;29;6;3;;366;2022-02-15;;Prenha;07/02/2022
M;911;F;2020-04-22;29;6;3;;387;2022-02-15;;Prenha;07/02/2022
M;3769;F;2020-04-22;29;6;1;;365;2022-02-15;;Prenha;01/11/2021
M;3765;F;2020-04-22;29;6;3;;364;2022-02-15;;Prenha;07/03/2022
M;5837;F;2020-10-19;29;6;1;;328;2022-02-15;;Prenha;07/03/2022
M;3963;F;2020-10-19;29;6;1;;351;2022-02-15;;Prenha;07/03/2022
M;1559;F;2019-10-25;29;6;1;;399;2022-02-15;;Prenha;07/03/2022
M;4721;F;2019-10-25;29;6;1;;403;2022-02-15;;Prenha;07/03/2022
M;2991;F;2019-10-25;29;6;1;;406;2022-02-15;;Prenha;07/03/2022
M;3626;F;2020-10-19;29;6;3;;336;2022-02-15;;Prenha;07/03/2022
M;1401;F;2020-10-19;29;6;3;;360;2022-02-15;;Prenha;07/03/2022
M;5170;F;2020-04-22;29;6;3;;366;2022-02-15;;Prenha;07/03/2022
M;3659;F;2020-04-22;29;6;3;;372;2022-02-15;;Prenha;07/03/2022
M;2852;F;2020-04-22;29;6;3;;389;2022-02-15;;Prenha;07/03/2022
M;12;F;2019-10-25;29;6;3;;402;2022-02-15;;Prenha;07/03/2022
M;665;F;2020-04-22;29;6;3;;361;2022-02-15;;Prenha;07/03/2022
M;3309;F;2019-10-25;29;6;3;;415;2022-02-15;;Prenha;07/03/2022
M;3574;F;2020-10-19;29;6;3;;354;2022-02-15;;Prenha;07/03/2022
M;5538;F;2020-10-19;29;6;3;;359;2022-02-15;;Prenha;07/03/2022
M;5580;F;2020-04-22;29;6;3;;371;2022-02-15;;Prenha;07/03/2022
M;1969;F;2020-04-22;29;6;3;;371;2022-02-15;;Prenha;07/03/2022
M;3676;F;2020-04-22;29;6;3;;374;2022-02-15;;Prenha;07/03/2022
M;1925;F;2020-04-22;29;6;3;;390;2022-02-15;;Prenha;07/03/2022
M;5766;F;2020-10-19;29;6;3;;322;2022-02-15;;Prenha;07/03/2022
M;5539;F;2020-10-19;29;6;3;;351;2022-02-15;;Prenha;07/03/2022
M;3837;F;2020-10-19;29;6;3;;352;2022-02-15;;Prenha;07/03/2022
M;4011;F;2020-10-19;29;6;3;;356;2022-02-15;;Prenha;07/03/2022
M;1956;F;2020-10-19;29;6;3;;334;2022-02-15;;Prenha;07/03/2022
M;5775;F;2020-10-19;29;6;3;;351;2022-02-15;;Prenha;07/03/2022
M;2347;F;2020-10-19;29;6;3;;356;2022-02-15;;Prenha;07/03/2022
M;1789;F;2020-04-22;29;6;3;;366;2022-02-15;;Prenha;07/03/2022
M;5772;F;2020-04-22;29;6;3;;367;2022-02-15;;Prenha;07/03/2022
M;3681;F;2020-04-22;29;6;3;;372;2022-02-15;;Prenha;07/03/2022
M;3020;F;2020-04-22;29;6;3;;376;2022-02-15;;Prenha;07/03/2022
M;2983;F;2019-10-25;29;6;3;;399;2022-02-15;;Prenha;07/03/2022
M;4014;F;2019-10-25;29;6;1;;416;2022-02-15;;Prenha;07/03/2022
M;5743;F;2020-10-19;29;6;2;;349;2022-02-15;;Prenha;07/03/2022
M;4773;F;2019-10-25;29;6;1;;406;2022-02-15;;Prenha;07/03/2022
M;9305;F;2019-10-25;29;6;1;;402;2022-02-15;;Prenha;07/03/2022
M;5413;F;2019-10-25;29;6;1;;412;2022-02-15;;Prenha;07/03/2022
M;118;F;2019-04-28;29;6;1;;440;2022-02-15;;Prenha;07/03/2022
M;173;F;2020-10-19;29;6;1;;359;2022-02-15;;Prenha;07/03/2022
M;3664;F;2020-04-22;29;6;3;;382;2022-02-15;;Prenha;07/03/2022
M;2088;F;2019-10-25;29;6;3;;395;2022-02-15;;Prenha;07/03/2022
M;5833;F;2020-10-19;29;6;1;;318;2022-02-15;;Prenha;07/03/2022
M;5905;F;2020-10-19;29;6;1;;320;2022-02-15;;Prenha;07/03/2022
M;5306;F;2020-10-19;29;6;2;;325;2022-02-15;;Prenha;07/03/2022
M;5603;F;2020-10-19;29;6;2;;326;2022-02-15;;Prenha;07/03/2022
M;5956;F;2020-10-19;29;6;2;;326;2022-02-15;;Prenha;07/03/2022
M;5584;F;2020-10-19;29;6;2;;327;2022-02-15;;Prenha;07/03/2022
M;6565;F;2020-10-19;29;6;2;;332;2022-02-15;;Prenha;07/03/2022
M;6000;F;2020-10-19;29;6;2;;332;2022-02-15;;Prenha;07/03/2022
M;5910;F;2020-10-19;29;6;1;;339;2022-02-15;;Prenha;07/03/2022
M;5321;F;2020-10-19;29;6;2;;340;2022-02-15;;Prenha;07/03/2022
M;6423;F;2020-10-19;29;6;1;;340;2022-02-15;;Prenha;07/03/2022
M;5934;F;2020-10-19;29;6;1;;344;2022-02-15;;Prenha;07/03/2022
M;5169;F;2020-10-19;29;6;1;;346;2022-02-15;;Prenha;07/03/2022
M;5963;F;2020-10-19;29;6;2;;350;2022-02-15;;Prenha;07/03/2022
M;4958;F;2020-10-19;29;6;2;;350;2022-02-15;;Prenha;07/03/2022
M;6043;F;2020-10-19;29;6;2;;351;2022-02-15;;Prenha;07/03/2022
M;6095;F;2020-10-19;29;6;2;;352;2022-02-15;;Prenha;07/03/2022
M;5501;F;2020-10-19;29;6;1;;353;2022-02-15;;Prenha;07/03/2022
M;4012;F;2020-10-19;29;6;1;;353;2022-02-15;;Prenha;07/03/2022
M;5390;F;2020-10-19;29;6;2;;353;2022-02-15;;Prenha;07/03/2022
M;3216;F;2020-10-19;29;6;2;;354;2022-02-15;;Prenha;07/03/2022
M;5881;F;2020-10-19;29;6;1;;354;2022-02-15;;Prenha;07/03/2022
M;5954;F;2020-10-19;29;6;2;;355;2022-02-15;;Prenha;07/03/2022
M;5358;F;2020-10-19;29;6;2;;356;2022-02-15;;Prenha;07/03/2022
M;5284;F;2020-10-19;29;6;2;;356;2022-02-15;;Prenha;07/03/2022
M;3219;F;2020-04-22;29;6;1;;362;2022-02-15;;Prenha;07/03/2022
M;6006;F;2020-04-22;29;6;2;;362;2022-02-15;;Prenha;07/03/2022
M;5345;F;2020-04-22;29;6;2;;363;2022-02-15;;Prenha;07/03/2022
M;4443;F;2020-04-22;29;6;1;;364;2022-02-15;;Prenha;07/03/2022
M;5986;F;2020-04-22;29;6;2;;365;2022-02-15;;Prenha;07/03/2022
M;6050;F;2020-04-22;29;6;2;;367;2022-02-15;;Prenha;07/03/2022
M;194;F;2020-04-22;29;6;2;;370;2022-02-15;;Prenha;07/03/2022
M;3167;F;2020-04-22;29;6;1;;370;2022-02-15;;Prenha;07/03/2022
M;6069;F;2020-04-22;29;6;2;;370;2022-02-15;;Prenha;07/03/2022
M;1605;F;2020-04-22;29;6;1;;372;2022-02-15;;Prenha;07/03/2022
M;6037;F;2020-04-22;29;6;2;;375;2022-02-15;;Prenha;07/03/2022
M;6555;F;2020-04-22;29;6;2;;378;2022-02-15;;Prenha;07/03/2022
M;4981;F;2020-04-22;29;6;1;;380;2022-02-15;;Prenha;07/03/2022
M;5695;F;2020-04-22;29;6;2;;390;2022-02-15;;Prenha;07/03/2022
M;4964;F;2019-10-25;29;6;1;;392;2022-02-15;;Prenha;07/03/2022
M;4976;F;2019-10-25;29;6;1;;395;2022-02-15;;Prenha;07/03/2022
M;523;F;2019-10-25;29;6;1;;395;2022-02-15;;Prenha;07/03/2022
M;666;F;2019-10-25;29;6;1;;396;2022-02-15;;Prenha;07/03/2022
M;3037;F;2019-10-25;29;6;1;;399;2022-02-15;;Prenha;07/03/2022
M;5755;F;2019-10-25;29;6;2;;400;2022-02-15;;Prenha;07/03/2022
M;5929;F;2019-10-25;29;6;2;;405;2022-02-15;;Prenha;07/03/2022
M;6291;F;2019-10-25;29;6;2;;410;2022-02-15;;Prenha;07/03/2022
M;5140;F;2019-10-25;29;6;2;;413;2022-02-15;;Prenha;07/03/2022
M;8723;F;2019-10-25;29;6;2;;420;2022-02-15;;Prenha;07/03/2022
M;4953;F;2019-04-28;29;6;2;;425;2022-02-15;;Prenha;07/03/2022
M;3369;F;2019-04-28;29;6;1;;426;2022-02-15;;Prenha;07/03/2022
M;4357;F;2019-04-28;29;6;1;;436;2022-02-15;;Prenha;07/03/2022
M;5793;F;2020-10-19;29;6;1;;315;2022-02-15;;Prenha;07/03/2022
M;5523;F;2020-10-19;29;6;1;;334;2022-02-15;;Prenha;07/03/2022
M;5826;F;2020-10-19;29;6;1;;352;2022-02-15;;Prenha;07/03/2022
M;5880;F;2020-04-22;29;6;1;;365;2022-02-15;;Prenha;07/03/2022
M;6533;F;2020-04-22;29;6;3;;376;2022-02-15;;Prenha;07/03/2022
M;5919;F;2020-04-22;29;6;1;;379;2022-02-15;;Prenha;07/03/2022
M;5902;F;2020-10-19;29;6;1;;341;2022-02-15;;Prenha;07/03/2022
M;3638;F;2020-04-22;29;6;3;;383;2022-02-15;;Prenha;07/03/2022
M;5141;F;2019-04-28;29;6;1;;432;2022-02-15;;Prenha;07/03/2022
M;5415;F;2020-04-22;29;6;1;;375;2022-02-15;;Prenha;07/03/2022
M;4444;F;2019-10-25;29;6;1;;403;2022-02-15;;Prenha;07/03/2022
M;5618;F;2020-10-19;29;6;2;;350;2022-02-15;;Prenha;07/03/2022
M;5737;F;2020-04-22;29;6;2;;380;2022-02-15;;Prenha;07/03/2022
M;5733;F;2019-10-25;29;6;2;;392;2022-02-15;;Prenha;07/03/2022
M;5736;F;2019-04-28;29;6;2;;441;2022-02-15;;Prenha;07/03/2022
M;5686;F;2020-04-22;29;6;2;;363;2022-02-15;;Prenha;21/03/2022
M;5740;F;2020-04-22;29;6;2;;390;2022-02-15;;Prenha;21/03/2022
M;5602;F;2019-10-25;29;6;2;;400;2022-02-15;;Prenha;21/03/2022
M;4366;F;2020-04-22;29;6;1;;367;2022-02-15;;Prenha;21/03/2022
M;835;F;2019-10-25;29;6;1;;395;2022-02-15;;Prenha;21/03/2022
M;4714;F;2019-10-25;29;6;1;;407;2022-02-15;;Prenha;21/03/2022
M;5943;F;2020-10-19;29;6;1;;340;2022-02-15;;Prenha;21/03/2022
M;5889;F;2020-10-19;29;6;1;;302;2022-02-15;;Prenha;21/03/2022
M;5894;F;2020-10-19;29;6;1;;316;2022-02-15;;Prenha;21/03/2022
M;2849;F;2020-10-19;29;6;1;;328;2022-02-15;;Prenha;21/03/2022
M;5867;F;2020-04-22;29;6;1;;370;2022-02-15;;Prenha;21/03/2022
M;5802;F;2020-04-22;29;6;1;;383;2022-02-15;;Prenha;21/03/2022
M;4808;F;2019-10-25;29;6;1;;410;2022-02-15;;Prenha;21/03/2022
M;1801;F;2020-10-19;29;6;3;;347;2022-02-15;;Prenha;21/03/2022
M;6479;F;2020-10-19;29;6;3;;355;2022-02-15;;Prenha;21/03/2022
M;3145;F;2020-04-22;29;6;3;;362;2022-02-15;;Prenha;21/03/2022
M;2199;F;2020-04-22;29;6;3;;363;2022-02-15;;Prenha;21/03/2022
M;6517;F;2020-04-22;29;6;3;;367;2022-02-15;;Prenha;21/03/2022
M;3695;F;2020-04-22;29;6;3;;377;2022-02-15;;Prenha;21/03/2022
M;3152;F;2020-04-22;29;6;3;;378;2022-02-15;;Prenha;21/03/2022
M;3155;F;2020-10-19;29;6;3;;318;2022-02-15;;Prenha;21/03/2022
M;3959;F;2020-10-19;29;6;3;;351;2022-02-15;;Prenha;21/03/2022
M;5864;F;2020-10-19;29;6;1;;325;2022-02-15;;Prenha;21/03/2022
M;5742;F;2019-10-25;29;6;2;;405;2022-02-15;;Prenha;21/03/2022
M;4490;F;2019-04-28;29;6;1;;426;2022-02-15;;Prenha;21/03/2022
M;4678;F;2020-04-22;29;6;1;;383;2022-02-15;;Prenha;21/03/2022
M;7662;F;2020-10-19;29;6;1;;337;2022-02-15;;Prenha;21/03/2022
M;3979;F;2020-10-19;29;6;1;;360;2022-02-15;;Prenha;21/03/2022
M;5130;F;2020-10-19;29;6;1;;341;2022-02-15;;Prenha;21/03/2022
M;5023;F;2020-10-19;29;6;1;;343;2022-02-15;;Prenha;21/03/2022
M;7939;F;2020-10-19;29;6;1;;352;2022-02-15;;Prenha;21/03/2022
M;7454;F;2020-10-19;29;6;1;;357;2022-02-15;;Prenha;21/03/2022
M;5817;F;2020-04-22;29;6;1;;366;2022-02-15;;Prenha;21/03/2022
M;7494;F;2020-10-19;29;6;1;;358;2022-02-15;;Prenha;21/03/2022
M;5886;F;2020-10-19;29;6;1;;358;2022-02-15;;Prenha;21/03/2022
M;5231;F;2020-04-22;29;6;1;;362;2022-02-15;;Prenha;21/03/2022
M;5819;F;2020-10-19;29;6;1;;309;2022-02-15;;Prenha;21/03/2022
M;5927;F;2020-10-19;29;6;1;;330;2022-02-15;;Prenha;21/03/2022
M;5866;F;2020-10-19;29;6;1;;300;2022-02-15;;Prenha;21/03/2022
M;2114;F;2020-04-22;29;6;1;;390;2022-02-15;;Prenha;21/03/2022
M;5497;F;2020-10-19;29;6;1;;350;2022-02-15;;Prenha;21/03/2022
M;76;F;2019-04-28;29;6;1;;447;2022-02-15;;Prenha;21/03/2022
M;7806;F;2020-10-19;29;6;1;;351;2022-02-15;;Prenha;21/03/2022
M;7555;F;2020-04-22;29;6;1;;371;2022-02-15;;Prenha;21/03/2022
M;4399;F;2020-04-22;29;6;1;;374;2022-02-15;;Prenha;21/03/2022
M;4717;F;2020-04-22;29;6;1;;376;2022-02-15;;Prenha;21/03/2022
M;5887;F;2020-10-19;29;6;1;;357;2022-02-15;;Prenha;21/03/2022
M;4471;F;2020-04-22;29;6;1;;389;2022-02-15;;Prenha;21/03/2022
M;5840;F;2020-10-19;29;6;1;;326;2022-02-15;;Prenha;21/03/2022
M;3983;F;2020-10-19;29;6;1;;355;2022-02-15;;Prenha;21/03/2022
M;6414;F;2020-10-19;29;6;1;;337;2022-02-15;;Prenha;21/03/2022
M;3387;F;2020-10-19;29;6;1;;357;2022-02-15;;Prenha;21/03/2022
M;5672;F;2020-10-19;29;6;2;;353;2022-02-15;;Prenha;21/03/2022
M;6107;F;2020-10-19;29;6;2;;321;2022-02-15;;Prenha;21/03/2022
M;5292;F;2020-10-19;29;6;2;;350;2022-02-15;;Prenha;21/03/2022
M;5303;F;2020-10-19;29;6;2;;352;2022-02-15;;Prenha;21/03/2022
M;5601;F;2020-04-22;29;6;2;;365;2022-02-15;;Prenha;21/03/2022
M;5673;F;2019-10-25;29;6;2;;397;2022-02-15;;Prenha;21/03/2022
M;5294;F;2020-10-19;29;6;2;;322;2022-02-15;;Prenha;21/03/2022
M;5257;F;2020-10-19;29;6;2;;333;2022-02-15;;Prenha;21/03/2022
M;5316;F;2020-10-19;29;6;2;;352;2022-02-15;;Prenha;21/03/2022
M;5957;F;2020-10-19;29;6;2;;356;2022-02-15;;Prenha;21/03/2022
M;3220;F;2020-10-19;29;6;3;;318;2022-02-15;;Prenha;21/03/2022
M;3043;F;2020-04-22;29;6;3;;364;2022-02-15;;Prenha;21/03/2022
M;4956;F;2020-10-19;29;6;2;;350;2022-02-15;;Prenha;21/03/2022
M;5276;F;2020-04-22;29;6;2;;364;2022-02-15;;Prenha;21/03/2022
M;4429;F;2020-04-22;29;6;3;;367;2022-02-15;;Prenha;21/03/2022
M;7669;F;2019-04-28;29;6;2;;427;2022-02-15;;Prenha;21/03/2022
M;3263;F;2020-10-19;29;6;2;;360;2022-02-15;;Prenha;21/03/2022
M;5372;F;2020-04-22;29;6;2;;368;2022-02-15;;Prenha;21/03/2022
M;5971;F;2020-10-19;29;6;2;;319;2022-02-15;;Prenha;21/03/2022
M;9710;F;2020-10-19;29;6;2;;352;2022-02-15;;Prenha;21/03/2022
M;5299;F;2020-10-19;29;6;2;;353;2022-02-15;;Prenha;21/03/2022
M;5888;F;2020-10-19;29;6;1;;311;2022-02-15;;Prenha;21/03/2022
M;1985;F;2020-10-19;29;6;3;;336;2022-02-15;;Prenha;21/03/2022
M;4462;F;2020-10-19;29;6;1;;358;2022-02-15;;Prenha;21/03/2022
M;3277;F;2020-04-22;29;6;3;;361;2022-02-15;;Prenha;21/03/2022
M;1171;F;2020-04-22;29;6;1;;365;2022-02-15;;Prenha;21/03/2022
M;3232;F;2019-10-25;29;6;3;;402;2022-02-15;;Prenha;21/03/2022
M;4963;F;2019-10-25;29;6;1;;414;2022-02-15;;Prenha;21/03/2022
M;3834;F;2019-10-25;29;6;3;;418;2022-02-15;;Prenha;21/03/2022
M;1121;F;2020-04-22;29;6;3;;362;2022-02-15;;Prenha;21/03/2022
M;3757;F;2020-04-22;29;6;2;;370;2022-02-15;;Prenha;21/03/2022
M;5705;F;2020-04-22;29;6;2;;373;2022-02-15;;Prenha;21/03/2022
M;1346;F;2019-10-25;29;6;3;;394;2022-02-15;;Prenha;21/03/2022
M;5003;F;2020-10-19;29;6;1;;350;2022-02-15;;Prenha;21/03/2022
M;5546;F;2020-04-22;29;6;3;;366;2022-02-15;;Prenha;21/03/2022
M;9567;F;2020-10-19;29;6;3;;303;2022-02-15;;Prenha;21/03/2022
M;5781;F;2020-10-19;29;6;3;;313;2022-02-15;;Prenha;21/03/2022
M;5500;F;2020-04-22;29;6;1;;363;2022-02-15;;Prenha;21/03/2022
M;5499;F;2020-10-19;29;6;1;;358;2022-02-15;;Prenha;21/03/2022
M;4916;F;2020-10-19;29;6;1;;354;2022-02-15;;Prenha;04/04/2022
M;5005;F;2020-04-22;29;6;1;;387;2022-02-15;;Prenha;04/04/2022
M;1924;F;2019-10-25;29;6;3;;392;2022-02-15;;Prenha;04/04/2022
M;3080;F;2020-04-22;29;6;3;;363;2022-02-15;;Prenha;04/04/2022
M;1147;F;2019-04-28;29;6;1;;436;2022-02-15;;Prenha;04/04/2022
M;2953;F;2019-04-28;29;6;1;;437;2022-02-15;;Prenha;04/04/2022
M;4498;F;2020-04-22;29;6;1;;379;2022-02-15;;Prenha;04/04/2022
M;6382;F;2021-03-18;29;6;1;;281;2022-02-15;;Prenha;04/04/2022
M;9811;F;2019-04-28;29;6;1;;445;2022-02-15;;Prenha;04/04/2022
M;6345;F;2020-10-19;29;6;1;;350;2022-02-15;;Prenha;04/04/2022
M;8016;F;2020-10-19;29;6;1;;320;2022-02-15;;Prenha;04/04/2022
M;8183;F;2020-10-19;29;6;1;;307;2022-02-15;;Prenha;04/04/2022
M;8246;F;2020-10-19;29;6;1;;350;2022-02-15;;Prenha;04/04/2022
M;8349;F;2019-10-25;29;6;1;;398;2022-02-15;;Prenha;04/04/2022
M;8534;F;2020-10-19;29;6;1;;335;2022-02-15;;Prenha;04/04/2022
M;8578;F;2020-04-22;29;6;1;;368;2022-02-15;;Prenha;04/04/2022
M;8603;F;2020-10-19;29;6;1;;326;2022-02-15;;Prenha;04/04/2022
M;8621;F;2020-10-19;29;6;1;;340;2022-02-15;;Prenha;04/04/2022
M;8625;F;2020-10-19;29;6;1;;348;2022-02-15;;Prenha;04/04/2022
M;8666;F;2020-10-19;29;6;1;;343;2022-02-15;;Prenha;04/04/2022
M;8676;F;2020-10-19;29;6;1;;343;2022-02-15;;Prenha;04/04/2022
M;8677;F;2020-04-22;29;6;1;;362;2022-02-15;;Prenha;04/04/2022
M;5938;F;2020-10-19;29;6;1;;335;2022-02-15;;Prenha;04/04/2022
M;5874;F;2021-03-18;29;6;1;;299;2022-02-15;;Prenha;04/04/2022
M;5909;F;2020-04-22;29;6;1;;365;2022-02-15;;Prenha;04/04/2022
M;8549;F;2020-10-19;29;6;1;;325;2022-02-15;;Prenha;04/04/2022
M;8673;F;2020-10-19;29;6;1;;358;2022-02-15;;Prenha;04/04/2022
M;6805;F;2020-10-19;29;6;3;;318;2022-02-15;;Prenha;04/04/2022
M;6826;F;2020-10-19;29;6;3;;323;2022-02-15;;Prenha;04/04/2022
M;5001;F;2019-10-25;29;6;1;;407;2022-02-15;;Prenha;04/04/2022
M;414;F;2020-10-19;29;6;1;;355;2022-02-15;;Prenha;04/04/2022
M;5408;F;2019-10-25;29;6;1;;420;2022-02-15;;Prenha;04/04/2022
M;7934;F;2020-04-22;29;6;1;;371;2022-02-15;;Prenha;04/04/2022
M;9641;F;2020-04-22;29;6;1;;377;2022-02-15;;Prenha;04/04/2022
M;8515;F;2021-03-18;29;6;1;;275;2022-02-15;;Prenha;04/04/2022
M;1978;F;2020-10-19;29;6;3;;334;2022-02-15;;Prenha;04/04/2022
M;2989;F;2019-04-28;29;6;3;;450;2022-02-15;;Prenha;04/04/2022
M;3093;F;2019-10-25;29;6;3;;405;2022-02-15;;Prenha;04/04/2022
M;5535;F;2020-10-19;29;6;1;;342;2022-02-15;;Prenha;04/04/2022
M;6439;F;2020-10-19;29;6;1;;336;2022-02-15;;Prenha;04/04/2022
M;7386;F;2019-04-28;29;6;1;;429;2022-02-15;;Prenha;04/04/2022
M;8524;F;2020-10-19;29;6;1;;322;2022-02-15;;Prenha;04/04/2022
M;8693;F;2020-10-19;29;6;1;;358;2022-02-15;;Prenha;04/04/2022
M;653;F;2020-04-22;29;6;;;375;2022-02-15;;Parida;Boi
M;4769;F;2019-04-28;29;6;;;426;2022-02-15;;Parida;Boi
M;5722;F;2019-10-25;29;6;;;401;2022-02-15;;Parida;Boi
M;6160;F;2020-04-22;29;6;;;372;2022-02-15;;Parida;Boi
M;6654;F;2019-04-28;29;6;;;475;2022-02-15;;Parida;Boi
M;8129;F;2019-04-28;29;6;;;435;2022-02-15;;Parida;Boi
M;9259;F;2019-04-28;29;6;;;472;2022-02-15;;Parida;Boi
M;4831;F;2020-10-19;29;6;;;360;2022-02-15;;Prenha;Boi
M;4835;F;2019-10-25;29;6;;;393;2022-02-15;;Prenha;Boi
M;4846;F;2020-04-22;29;6;;;384;2022-02-15;;Prenha;Boi
M;7227;F;2020-10-19;29;6;;;305;2022-02-15;;Prenha;Boi
M;8279;F;2021-03-18;29;6;;;260;2022-02-15;;Prenha;Boi
M;8305;F;2020-10-19;29;6;;;322;2022-02-15;;Prenha;Boi
M;8770;F;2019-04-28;29;6;;;454;2022-02-15;;Prenha;Boi
M;8772;F;2021-03-18;29;6;;;281;2022-02-15;;Prenha;Boi
M;3218;F;2021-03-18;29;6;;;286;2022-02-15;;Prenha;Boi
M;2224;F;2020-10-19;29;6;;;354;2022-02-15;;Descarte;
M;4385;F;2020-10-19;29;6;;;330;2022-02-15;;Descarte;
M;6347;F;2020-10-19;29;6;;;334;2022-02-15;;Descarte;
M;8170;F;2020-10-19;29;6;;;326;2022-02-15;;Descarte;
M;1686;F;2019-04-28;29;6;1;;465;2022-02-15;;Parida;Cliente
M;8427;F;2019-04-28;29;6;1;;514;2022-02-15;;Parida;Cliente
M;9516;F;2019-04-28;29;6;1;;435;2022-02-15;;Parida;Cliente
M;9824;F;2019-04-28;29;6;1;;435;2022-02-15;;Parida;Cliente
M;8707;F;2021-12-07;19;6;;;118;2022-02-15;;;
M;4293;F;2021-10-14;31;6;;;115;2022-02-15;;;
M;5209;F;2021-10-06;31;6;;;51;2022-02-15;;;
M;5210;F;2021-10-06;31;6;;;119;2022-02-15;;;
M;5208;M;2021-10-03;28;6;;;141;2022-02-15;;;
M;4289;F;2021-10-02;28;6;;;150;2022-02-15;;;
M;5186;F;2021-10-02;28;6;;;122;2022-02-15;;;
M;5212;M;2021-10-01;28;6;;;109;2022-02-15;;;
M;5211;M;2021-09-16;22;6;;;147;2022-02-15;;;
M;4171;F;2021-07-18;22;6;;;204;2022-02-15;;;
M;4203;F;2021-07-01;22;6;;;173;2022-02-15;;;
M;4200;M;2021-06-28;22;6;;;167;2022-02-15;;;
M;4201;F;2021-06-28;22;6;;;123;2022-02-15;;;
M;4202;F;2021-06-19;22;6;;;212;2022-02-15;;;
M;4162;M;2021-06-18;22;6;;;161;2022-02-15;;;
M;8567;F;2021-04-21;28;6;;;170;2022-02-15;;;
M;3184;F;2021-04-15;30;6;;;235;2022-02-15;;;
M;3195;F;2021-04-06;30;6;;;263;2022-02-15;;;
M;3197;M;2021-04-06;30;6;;;225;2022-02-15;;;
M;3193;M;2021-04-02;30;6;;;236;2022-02-15;;;
M;3191;M;2021-04-01;30;6;;;255;2022-02-15;;;
M;3196;F;2021-04-01;30;6;;;210;2022-02-15;;;
M;3199;F;2021-03-30;30;6;;;185;2022-02-15;;;
M;3181;M;2021-03-29;30;6;;;250;2022-02-15;;;
M;4192;F;2021-03-23;30;6;;;195;2022-02-15;;;
M;3202;M;2021-03-20;22;6;;;185;2022-02-15;;;